SampleID,BarcodeSequence,LinkerPrimerSequence,Reverse_Primer,barcode_number,dataset,extraction_date,extraction_method,plate_number,group_name,Swab_type,Plant_species,Latitude,Longitude,Site,Soil_Leaf_Litter_Leaf_swab,Description,Name,Swab_abr,Species_abr,Short_name,Substrate,Fin_name
210,CGCTGTGGAT,CTTGGTCATTTAGAGGAAGTAA,AGARCCAAGAGATCCRTT,600,fungi,9_30_2018,Swab,3,DEM,Cotton,Carya ovata,42.5172177,-84.3230305,1,Leaf swab,JL1,210Swab3DEMCottonCarya ovata42.5172177-84.32303051Leaf swabJL1,-Cot,C,C-1-Leaf swab-Cot,Epi,C-1-Epi-Cot
211,CCACAACGAT,CTTGGTCATTTAGAGGAAGTAA,AGARCCAAGAGATCCRTT,601,fungi,9_30_2018,Swab,3,DEM,Synthetic,Carya ovata,42.5172177,-84.3230305,1,Leaf swab,JL2,211Swab3DEMSyntheticCarya ovata42.5172177-84.32303051Leaf swabJL2,-Syn,C,C-1-Leaf swab-Syn,Epi,C-1-Epi-Syn
212,CCGGTGTGAT,CTTGGTCATTTAGAGGAAGTAA,AGARCCAAGAGATCCRTT,602,fungi,9_30_2018,Swab,3,DEM,Cotton,Acer rubrum,42.5172177,-84.3230305,1,Leaf swab,JL3,212Swab3DEMCottonAcer rubrum42.5172177-84.32303051Leaf swabJL3,-Cot,A,A-1-Leaf swab-Cot,Epi,A-1-Epi-Cot
213,CAAGGCACAA,CTTGGTCATTTAGAGGAAGTAA,AGARCCAAGAGATCCRTT,603,fungi,9_30_2018,Swab,3,DEM,Synthetic,Acer rubrum,42.5172177,-84.3230305,1,Leaf swab,JL4,213Swab3DEMSyntheticAcer rubrum42.5172177-84.32303051Leaf swabJL4,-Syn,A,A-1-Leaf swab-Syn,Epi,A-1-Epi-Syn
214,AACCTCGGAT,CTTGGTCATTTAGAGGAAGTAA,AGARCCAAGAGATCCRTT,604,fungi,9_30_2018,Swab,3,DEM,Cotton,Carya ovata,42.51629,-84.32469,2,Leaf swab,JL5,214Swab3DEMCottonCarya ovata42.51629-84.324692Leaf swabJL5,-Cot,C,C-2-Leaf swab-Cot,Epi,C-2-Epi-Cot
215,GTGCTTGTGT,CTTGGTCATTTAGAGGAAGTAA,AGARCCAAGAGATCCRTT,605,fungi,9_30_2018,Swab,3,DEM,Synthetic,Carya ovata,42.51629,-84.32469,2,Leaf swab,JL6,215Swab3DEMSyntheticCarya ovata42.51629-84.324692Leaf swabJL6,-Syn,C,C-2-Leaf swab-Syn,Epi,C-2-Epi-Syn
216,ATAGTGTTCG,CTTGGTCATTTAGAGGAAGTAA,AGARCCAAGAGATCCRTT,606,fungi,9_30_2018,Swab,3,DEM,Cotton,Acer rubrum,42.51629,-84.32469,2,Leaf swab,JL7,216Swab3DEMCottonAcer rubrum42.51629-84.324692Leaf swabJL7,-Cot,A,A-2-Leaf swab-Cot,Epi,A-2-Epi-Cot
217,TAATCTCGCC,CTTGGTCATTTAGAGGAAGTAA,AGARCCAAGAGATCCRTT,607,fungi,9_30_2018,Swab,3,DEM,Synthetic,Acer rubrum,42.51629,-84.32469,2,Leaf swab,JL8,217Swab3DEMSyntheticAcer rubrum42.51629-84.324692Leaf swabJL8,-Syn,A,A-2-Leaf swab-Syn,Epi,A-2-Epi-Syn
218,GGAACGACGT,CTTGGTCATTTAGAGGAAGTAA,AGARCCAAGAGATCCRTT,608,fungi,9_30_2018,Swab,3,DEM,Cotton,Carya ovata,42.51717,-84.325993,3,Leaf swab,JL9,218Swab3DEMCottonCarya ovata42.51717-84.3259933Leaf swabJL9,-Cot,C,C-3-Leaf swab-Cot,Epi,C-3-Epi-Cot
219,GGCCTATAAG,CTTGGTCATTTAGAGGAAGTAA,AGARCCAAGAGATCCRTT,609,fungi,9_30_2018,NA,3,NA,NA,NA,NA,NA,,NA,PCR_NEG_3.2,219NA3NANANANANANAPCR_NEG_3.2,,,--NA,,--
220,CAGATCCCAA,CTTGGTCATTTAGAGGAAGTAA,AGARCCAAGAGATCCRTT,610,fungi,9_30_2018,Swab,3,DEM,Synthetic,Carya ovata,42.51717,-84.325993,3,Leaf swab,JL10,220Swab3DEMSyntheticCarya ovata42.51717-84.3259933Leaf swabJL10,-Syn,C,C-3-Leaf swab-Syn,Epi,C-3-Epi-Syn
221,AGAGATTATG,CTTGGTCATTTAGAGGAAGTAA,AGARCCAAGAGATCCRTT,611,fungi,9_30_2018,Swab,3,DEM,Cotton,Acer rubrum,42.51717,-84.325993,3,Leaf swab,JL11,221Swab3DEMCottonAcer rubrum42.51717-84.3259933Leaf swabJL11,-Cot,A,A-3-Leaf swab-Cot,Epi,A-3-Epi-Cot
222,TCCATTTCAT,CTTGGTCATTTAGAGGAAGTAA,AGARCCAAGAGATCCRTT,612,fungi,9_30_2018,Swab,3,DEM,Synthetic,Acer rubrum,42.51717,-84.325993,3,Leaf swab,JL12,222Swab3DEMSyntheticAcer rubrum42.51717-84.3259933Leaf swabJL12,-Syn,A,A-3-Leaf swab-Syn,Epi,A-3-Epi-Syn
223,TCGGCGATCA,CTTGGTCATTTAGAGGAAGTAA,AGARCCAAGAGATCCRTT,613,fungi,9_30_2018,Swab,3,DEM,Cotton,Carya ovata,42.51598,-84.325522,4,Leaf swab,JL13,223Swab3DEMCottonCarya ovata42.51598-84.3255224Leaf swabJL13,-Cot,C,C-4-Leaf swab-Cot,Epi,C-4-Epi-Cot
224,CTGGTGCTGA,CTTGGTCATTTAGAGGAAGTAA,AGARCCAAGAGATCCRTT,614,fungi,9_30_2018,Swab,3,DEM,Synthetic,Carya ovata,42.51598,-84.325522,4,Leaf swab,JL14,224Swab3DEMSyntheticCarya ovata42.51598-84.3255224Leaf swabJL14,-Syn,C,C-4-Leaf swab-Syn,Epi,C-4-Epi-Syn
225,GTTTCACGCG,CTTGGTCATTTAGAGGAAGTAA,AGARCCAAGAGATCCRTT,615,fungi,9_30_2018,Swab,3,DEM,Cotton,Acer rubrum,42.51598,-84.325522,4,Leaf swab,JL15,225Swab3DEMCottonAcer rubrum42.51598-84.3255224Leaf swabJL15,-Cot,A,A-4-Leaf swab-Cot,Epi,A-4-Epi-Cot
226,TGAATACCTG,CTTGGTCATTTAGAGGAAGTAA,AGARCCAAGAGATCCRTT,616,fungi,9_30_2018,Swab,3,DEM,Synthetic,Acer rubrum,42.51598,-84.325522,4,Leaf swab,JL16,226Swab3DEMSyntheticAcer rubrum42.51598-84.3255224Leaf swabJL16,-Syn,A,A-4-Leaf swab-Syn,Epi,A-4-Epi-Syn
227,TACTCTCTTA,CTTGGTCATTTAGAGGAAGTAA,AGARCCAAGAGATCCRTT,617,fungi,9_30_2018,Swab,3,DEM,Cotton,Carya ovata,42.516128,-84.313366,5,Leaf swab,JL17,227Swab3DEMCottonCarya ovata42.516128-84.3233665Leaf swabJL17,-Cot,C,C-5-Leaf swab-Cot,Epi,C-5-Epi-Cot
228,CTCCCACTAG,CTTGGTCATTTAGAGGAAGTAA,AGARCCAAGAGATCCRTT,618,fungi,9_30_2018,Swab,3,DEM,Synthetic,Carya ovata,42.516128,-84.313366,5,Leaf swab,JL18,228Swab3DEMSyntheticCarya ovata42.516128-84.3233665Leaf swabJL18,-Syn,C,C-5-Leaf swab-Syn,Epi,C-5-Epi-Syn
229,AGCCCTGCTA,CTTGGTCATTTAGAGGAAGTAA,AGARCCAAGAGATCCRTT,619,fungi,9_30_2018,Swab,3,DEM,Cotton,Acer rubrum,42.516128,-84.313366,5,Leaf swab,JL19,229Swab3DEMCottonAcer rubrum42.516128-84.3233665Leaf swabJL19,-Cot,A,A-5-Leaf swab-Cot,Epi,A-5-Epi-Cot
230,CGAAGCATCT,CTTGGTCATTTAGAGGAAGTAA,AGARCCAAGAGATCCRTT,620,fungi,9_30_2018,Swab,3,DEM,Synthetic,Acer rubrum,42.516128,-84.313366,5,Leaf swab,JL20,230Swab3DEMSyntheticAcer rubrum42.516128-84.3233665Leaf swabJL20,-Syn,A,A-5-Leaf swab-Syn,Epi,A-5-Epi-Syn
231,AATGCAATGC,CTTGGTCATTTAGAGGAAGTAA,AGARCCAAGAGATCCRTT,713,fungi,9_30_2018,Swab,3,DEM,Cotton,NA,NA,NA,NA,Control swab,JL21,231Swab3DEMCottonNANANANAControl swabJL21,,,-NA-Control swab,,-NA-
232,TTACGTGGCG,CTTGGTCATTTAGAGGAAGTAA,AGARCCAAGAGATCCRTT,622,fungi,NA,NA,3,NA,NA,NA,NA,NA,NA,NA,PCR_Neg_3.3,232NA3NANANANANANANAPCR_Neg_3.3,,,-NA-NA,,-NA-
233,GACCGATAGG,CTTGGTCATTTAGAGGAAGTAA,AGARCCAAGAGATCCRTT,714,fungi,NA,NA,3,DEM,Synthetic,NA,NA,NA,NA,Control swab,JL22,233NA3DEMSyntheticNANANANAControl swabJL22,,,-NA-Control swab,,-NA-
234,TCATTCCACT,CTTGGTCATTTAGAGGAAGTAA,AGARCCAAGAGATCCRTT,624,fungi,NA,NA,3,DEM,NA,Carya ovata,42.5172177,-84.3230305,1,Litter,JL23,234NA3DEMNACarya ovata42.5172177-84.32303051LitterJL23,,C,C-1-Litter,Lit,C-1-Lit
235,GGCCAAGGAA,CTTGGTCATTTAGAGGAAGTAA,AGARCCAAGAGATCCRTT,625,fungi,9_30_2018,omega kit,3,DEM,NA,Carya ovata,42.51629,-84.32469,2,Litter,JL24,235omega kit3DEMNACarya ovata42.51629-84.324692LitterJL24,,C,C-2-Litter,Lit,C-2-Lit
236,GTCACATCAC,CTTGGTCATTTAGAGGAAGTAA,AGARCCAAGAGATCCRTT,626,fungi,9_30_2018,omega kit,3,DEM,NA,Carya ovata,42.51717,-84.325993,3,Litter,JL25,236omega kit3DEMNACarya ovata42.51717-84.3259933LitterJL25,,C,C-3-Litter,Lit,C-3-Lit
237,CGACATTTCT,CTTGGTCATTTAGAGGAAGTAA,AGARCCAAGAGATCCRTT,627,fungi,9_30_2018,omega kit,3,DEM,NA,Carya ovata,42.51598,-84.325522,4,Litter,JL26,237omega kit3DEMNACarya ovata42.51598-84.3255224LitterJL26,,C,C-4-Litter,Lit,C-4-Lit
238,GGACGTTAAC,CTTGGTCATTTAGAGGAAGTAA,AGARCCAAGAGATCCRTT,628,fungi,9_30_2018,omega kit,3,DEM,NA,Carya ovata,42.516128,-84.313366,5,Litter,JL27,238omega kit3DEMNACarya ovata42.516128-84.3233665LitterJL27,,C,C-5-Litter,Lit,C-5-Lit
239,CACGCTATTG,CTTGGTCATTTAGAGGAAGTAA,AGARCCAAGAGATCCRTT,629,fungi,9_30_2018,omega kit,3,DEM,NA,Acer rubrum,42.5172177,-84.3230305,1,Litter,JL28,239omega kit3DEMNAAcer rubrum42.5172177-84.32303051LitterJL28,,A,A-1-Litter,Lit,A-1-Lit
240,AACTTCACTT,CTTGGTCATTTAGAGGAAGTAA,AGARCCAAGAGATCCRTT,630,fungi,9_30_2018,omega kit,3,DEM,NA,Acer rubrum,42.51629,-84.32469,2,Litter,JL29,240omega kit3DEMNAAcer rubrum42.51629-84.324692LitterJL29,,A,A-2-Litter,Lit,A-2-Lit
241,GAGTCGATCT,CTTGGTCATTTAGAGGAAGTAA,AGARCCAAGAGATCCRTT,631,fungi,9_30_2018,omega kit,3,DEM,NA,Acer rubrum,42.51717,-84.325993,3,Litter,JL30,241omega kit3DEMNAAcer rubrum42.51717-84.3259933LitterJL30,,A,A-3-Litter,Lit,A-3-Lit
242,GACCTACCGC,CTTGGTCATTTAGAGGAAGTAA,AGARCCAAGAGATCCRTT,632,fungi,9_30_2018,omega kit,3,DEM,NA,Acer rubrum,42.51598,-84.325522,4,Litter,JL31,242omega kit3DEMNAAcer rubrum42.51598-84.3255224LitterJL31,,A,A-4-Litter,Lit,A-4-Lit
243,CCAGTGGATA,CTTGGTCATTTAGAGGAAGTAA,AGARCCAAGAGATCCRTT,633,fungi,9_30_2018,omega kit,3,DEM,NA,Acer rubrum,42.516128,-84.313366,5,Litter,JL32,243omega kit3DEMNAAcer rubrum42.516128-84.3233665LitterJL32,,A,A-5-Litter,Lit,A-5-Lit
244,TGTGTGTAAC,CTTGGTCATTTAGAGGAAGTAA,AGARCCAAGAGATCCRTT,634,fungi,9_30_2018,omega kit,3,DEM,NA,Carya ovata,42.5172177,-84.3230305,1,Leaf,JL33,244omega kit3DEMNACarya ovata42.5172177-84.32303051LeafJL33,,C,C-1-Leaf,Endo,C-1-Endo
245,CCAATCGTGC,CTTGGTCATTTAGAGGAAGTAA,AGARCCAAGAGATCCRTT,635,fungi,9_30_2018,omega kit,3,DEM,NA,Carya ovata,42.51629,-84.32469,2,Leaf,JL34,245omega kit3DEMNACarya ovata42.51629-84.324692LeafJL34,,C,C-2-Leaf,Endo,C-2-Endo
246,ATGTAATAGG,CTTGGTCATTTAGAGGAAGTAA,AGARCCAAGAGATCCRTT,636,fungi,9_30_2018,omega kit,3,DEM,NA,Carya ovata,NA,NA,NA,Leaf,JL35,246omega kit3DEMNACarya ovataNANANALeafJL35,,C,C-NA-Leaf,Endo,C-NA-Endo
247,GACTCGCAAC,CTTGGTCATTTAGAGGAAGTAA,AGARCCAAGAGATCCRTT,637,fungi,9_30_2018,omega kit,3,DEM,NA,Carya ovata,42.51598,-84.325522,3,Leaf,JL36,247omega kit3DEMNACarya ovata42.51598-84.3255223LeafJL36,,C,C-3-Leaf,Endo,C-3-Endo
248,GTGCGAGGAC,CTTGGTCATTTAGAGGAAGTAA,AGARCCAAGAGATCCRTT,638,fungi,9_30_2018,omega kit,3,DEM,NA,Carya ovata,NA,NA,NA,Leaf,JL37,248omega kit3DEMNACarya ovataNANANALeafJL37,,C,C-NA-Leaf,Endo,C-NA-Endo
249,CGTAAGATGC,CTTGGTCATTTAGAGGAAGTAA,AGARCCAAGAGATCCRTT,639,fungi,9_30_2018,omega kit,3,DEM,NA,Acer rubrum,42.5172177,-84.3230305,1,Leaf,JL38,249omega kit3DEMNAAcer rubrum42.5172177-84.32303051LeafJL38,,A,A-1-Leaf,Endo,A-1-Endo
250,GCAGAGAGGC,CTTGGTCATTTAGAGGAAGTAA,AGARCCAAGAGATCCRTT,640,fungi,9_30_2018,omega kit,3,DEM,NA,Acer rubrum,42.51629,-84.32469,2,Leaf,JL39,250omega kit3DEMNAAcer rubrum42.51629-84.324692LeafJL39,,A,A-2-Leaf,Endo,A-2-Endo
251,TCCTTGTCCT,CTTGGTCATTTAGAGGAAGTAA,AGARCCAAGAGATCCRTT,641,fungi,9_30_2018,omega kit,3,DEM,NA,Acer rubrum,42.51717,-84.325993,3,Leaf,JL40,251omega kit3DEMNAAcer rubrum42.51717-84.3259933LeafJL40,,A,A-3-Leaf,Endo,A-3-Endo
252,ACGATTCGAG,CTTGGTCATTTAGAGGAAGTAA,AGARCCAAGAGATCCRTT,642,fungi,9_30_2018,omega kit,3,DEM,NA,Acer rubrum,42.51598,-84.325522,4,Leaf,JL41,252omega kit3DEMNAAcer rubrum42.51598-84.3255224LeafJL41,,A,A-4-Leaf,Endo,A-4-Endo
254,CTACAATTGA,CTTGGTCATTTAGAGGAAGTAA,AGARCCAAGAGATCCRTT,644,fungi,9_30_2018,omega kit,3,DEM,NA,Acer rubrum,42.516128,-84.313366,5,Leaf,JL42,254omega kit3DEMNAAcer rubrum42.516128-84.3233665LeafJL42,,A,A-5-Leaf,Endo,A-5-Endo
255,GGACTATCGT,CTTGGTCATTTAGAGGAAGTAA,AGARCCAAGAGATCCRTT,715,fungi,NA,NA,3,DEM,NA,NA,NA,NA,NA,NA,PCR_NEG_3.5,255NA3DEMNANANANANANAPCR_NEG_3.5,,,NA,,-NA-
256,CAACGCTAGA,CTTGGTCATTTAGAGGAAGTAA,AGARCCAAGAGATCCRTT,716,fungi,NA,NA,3,DEM,NA,NA,NA,NA,NA,NA,PCR_NEG_3.6,256NA3DEMNANANANANANAPCR_NEG_3.6,,,NA,,-NA-
257,GCTATATCCA,CTTGGTCATTTAGAGGAAGTAA,AGARCCAAGAGATCCRTT,717,fungi,NA,NA,3,DEM,NA,NA,NA,NA,NA,NA,PCR_NEG_3.7,257NA3DEMNANANANANANAPCR_NEG_3.7,,,NA,,-NA-
258,GTGACGTTAG,CTTGGTCATTTAGAGGAAGTAA,AGARCCAAGAGATCCRTT,648,fungi,9_23_2018,power soil,3,DEM,NA,Acer rubrum,42.5172177,-84.3230305,1,Soil,S1_MAPLE,258power soil3DEMNAAcer rubrum42.5172177-84.32303051SoilS1_MAPLE,,A,A-1-Soil,Soil,A-1-Soil
259,ATGGAAGGTG,CTTGGTCATTTAGAGGAAGTAA,AGARCCAAGAGATCCRTT,649,fungi,9_23_2018,power soil,3,DEM,NA,Carya ovata,42.5172177,-84.3230305,1,Soil,S1_HICKORY,259power soil3DEMNACarya ovata42.5172177-84.32303051SoilS1_HICKORY,,C,C-1-Soil,Soil,C-1-Soil
260,CCGGCTTATG,CTTGGTCATTTAGAGGAAGTAA,AGARCCAAGAGATCCRTT,650,fungi,9_23_2018,power soil,3,DEM,NA,Acer rubrum,42.51629,-84.32469,2,Soil,S2_MAPLE,260power soil3DEMNAAcer rubrum42.51629-84.324692SoilS2_MAPLE,,A,A-2-Soil,Soil,A-2-Soil
261,CTGTGCAACG,CTTGGTCATTTAGAGGAAGTAA,AGARCCAAGAGATCCRTT,651,fungi,9_23_2018,power soil,3,DEM,NA,Carya ovata,42.51629,-84.32469,2,Soil,S2_HICKORY,261power soil3DEMNACarya ovata42.51629-84.324692SoilS2_HICKORY,,C,C-2-Soil,Soil,C-2-Soil
262,AGGGTACAGG,CTTGGTCATTTAGAGGAAGTAA,AGARCCAAGAGATCCRTT,652,fungi,9_23_2018,power soil,3,DEM,NA,Acer rubrum,42.51717,-84.325993,3,Soil,S3_MAPLE,262power soil3DEMNAAcer rubrum42.51717-84.3259933SoilS3_MAPLE,,A,A-3-Soil,Soil,A-3-Soil
263,GGAACACATG,CTTGGTCATTTAGAGGAAGTAA,AGARCCAAGAGATCCRTT,653,fungi,9_23_2018,power soil,3,DEM,NA,Carya ovata,42.51717,-84.325993,3,Soil,S3_HICKORY,263power soil3DEMNACarya ovata42.51717-84.3259933SoilS3_HICKORY,,C,C-3-Soil,Soil,C-3-Soil
264,TCGGATCTGT,CTTGGTCATTTAGAGGAAGTAA,AGARCCAAGAGATCCRTT,721,fungi,9_23_2018,power soil,3,DEM,NA,Acer rubrum,42.51598,-84.325522,4,Soil,S4_MAPLE,264power soil3DEMNAAcer rubrum42.51598-84.3255224SoilS4_MAPLE,,A,A-4-Soil,Soil,A-4-Soil
265,TTGGCGGGTT,CTTGGTCATTTAGAGGAAGTAA,AGARCCAAGAGATCCRTT,655,fungi,9_23_2018,power soil,3,DEM,NA,Carya ovata,42.51598,-84.325522,4,Soil,S4_HICKORY,265power soil3DEMNACarya ovata42.51598-84.3255224SoilS4_HICKORY,,C,C-4-Soil,Soil,C-4-Soil
266,TGCAACTTGC,CTTGGTCATTTAGAGGAAGTAA,AGARCCAAGAGATCCRTT,656,fungi,NA,NA,3,DEM,NA,NA,NA,NA,NA,NA,PCR_NEG_3.8,266NA3DEMNANANANANANAPCR_NEG_3.8,,,-NA-NA,,-NA-
267,GTGTGGCAGA,CTTGGTCATTTAGAGGAAGTAA,AGARCCAAGAGATCCRTT,657,fungi,9_23_2018,power soil,3,DEM,NA,Acer rubrum,42.516128,-84.313366,5,Soil,S5_MAPLE,267power soil3DEMNAAcer rubrum42.516128-84.3233665SoilS5_MAPLE,,A,A-5-Soil,Soil,A-5-Soil
268,GCCGGTACTC,CTTGGTCATTTAGAGGAAGTAA,AGARCCAAGAGATCCRTT,722,fungi,9_23_2018,power soil,3,DEM,NA,Carya ovata,42.516128,-84.313366,5,Soil,S5_HICKORY,268power soil3DEMNACarya ovata42.516128-84.3233665SoilS5_HICKORY,,C,C-5-Soil,Soil,C-5-Soil
